{
  "$schema": "https://schema.management.azure.com/schemas/2019-04-01/deploymentParameters.json#",
  "contentVersion": "1.0.0.0",
  "parameters": {
    "environment": { "value": "prod" },
    "appName": { "value": "status-app" },
    "location": { "value": "eastus" },
    "acrLoginServer": { "value": "acr-wake-prod.azurecr.io" },
    "acrUsername": { "value": "<acr-username>" },
    "acrPassword": { "value": "<acr-password>" },
    "dockerImage": { "value": "status-app:latest" },
    "sku": { "value": "B1" }
  }
}